contributor,insert,delete,commit
"lucasmoura",6,11,2
"jayanthkoushik",6,1,2
"chsasank",198,85,2
"stonebig",3,1,2
"lukovkin",327,25,2
"jpeg729",48,20,2
"basveeling",210,9,2
"ozancaglayan",5,3,2
"woozzu",1,2,2
"yxonic",23,4,2
"pranv",127,23,2
"crowsonkb",10,6,2
"felixlaumon",51,16,2
"nithishdivakar",3,1,2
"xingdi-eric-yuan",86,53,2
"wassname",48,6,2
"pjadzinsky",27,19,2
"Sebubu",4,2,2
"Rompei",2,2,2
"zo7",159,1,2
"ArdalanM",76,5,2
"easyas314159",61,6,2
"keunwoochoi",602,3,3
"smauq",16,6,3
"floydwch",12,9,3
"wb14123",6,4,3
"awentzonline",14,12,3
"abishekk92",3,2,3
"robertomest",147,37,3
"mmmikael",319,26,3
"eulerreich",6,5,3
"Joshua-Chin",5,4,3
"mezzode",102,10,3
"oeway",1020,30,3
"charlesollion",69,5,3
"patyork",7,2,3
"mbatchkarov",16,9,3
"stas-sl",144,18,3
"viirya",15,8,4
"kli-nlpr",5,5,4
"stephenbalaban",35,27,4
"ramananbalakrishnan",182,14,4
"SimonSuster",2,8,4
"dansbecker",167,32,4
"stephenroller",13,4,4
"nagadomi",17,10,4
"joelthchao",581,79,4
"entron",37,22,4
"kemaswill",83,11,4
"anayebi",52,2,4
"kilotaras",154,65,5
"Reddine",44,2,5
"DingKe",27,16,5
"untom",36,17,5
"jnphilipp",7,7,5
"rushter",12,12,5
"grahamannett",58,6,5
"rodrigob",11,7,6
"jeffzhengye",74,74,6
"vzhong",153,9,6
"braingineer",40,16,6
"kenterao",100,47,6
"mthrok",92,10,6
"kashif",84,34,6
"gvtulder",240,35,6
"mynameisfiber",71,25,7
"kylemcdonald",37,19,7
"berleon",84,31,7
"dolaameng",803,29,7
"cmyr",104,20,8
"jramapuram",458,121,8
"jdwittenauer",449,62,8
"dbonadiman",161,47,8
"kuza55",282,42,8
"neggert",490,90,9
"Smerity",395,23,9
"amitbeka",99,19,9
"gw0",101,60,9
"olegsinyavskiy",815,652,9
"lukedeo",536,341,10
"henry0312",30,24,11
"tleeuwenburg",1151,992,11
"yaringal",943,389,12
"tristandeleu",527,133,12
"nzw0301",48,40,12
"carlthome",456,115,13
"jeammimi",2305,1515,13
"tboquet",425,112,16
"transcranial",498,96,17
"julienr",465,97,18
"jfsantos",176,41,22
"tdhd",857,383,26
"matsuyamax",1935,1246,28
"the-moliver",902,244,32
"wxs",1180,732,49
"phreeza",1409,583,57
"maxpumperla",2329,1606,59
"EderSantana",1225,376,61
"farizrahman4u",3099,1673,164
"fchollet",55403,39026,954
