contributor,lines
Alexander Rakhlin,1
Andre Simpelo,1
André Artelt,1
Anthony Gitter,1
Carlos Bentes,1
Charles-Emmanuel,1
Dave Challis,1
EdwardRaff,1
Ehud Ben-Reuven,1
Erfan Noury,1
Frederico Tommasi Caroli,1
Frédéric Bastien,1
Gunnar Läthén,1
JasonTam,1
João Felipe Santos,1
Jurim Lee,1
Kai Sasaki,1
Kumar Ayush,1
Lior Magen,1
M.Yasoob Ullah Khalid ☺,1
Maruan,1
Matthias Plappert,1
MikeAmy,1
Pat York,1
Philipp Fischbeck,1
RyosukeHonda,1
Sangeon Park,1
Seonghyeon Nam,1
Shota,1
Shuhei Iitsuka,1
Simon Suster,1
Steven Hugg,1
Thomas Kipf,1
Utkarsh Upadhyay,1
Yanush Viktor,1
Zhengtao Wang,1
chardmeier,1
cyc,1
cyrusmaher,1
dibule,1
ekerazha,1
manelbaradad,1
strategist333,1
Abishek Bhat,2
Daniël de Kok,2
David McInnis,2
Furiously Curious,2
Hengkai Guo,2
Jan Wilken Dörrie,2
Jeffery Ye,2
Johan Pauwels,2
Joshua Chin,2
Monami Sharma,2
Moussa Taifi,2
Ramon de Oliveira,2
Rodrigo Prado,2
Rompei,2
Ryo ASAKURA,2
Sadegh,2
Stephen A. Balaban,2
Tammy Yang,2
Thang Bui,2
TobyPDE,2
dsteiner93,2
jnphilipp,2
lorenzoritter,2
mittagessen,2
mpt5,2
nagadomi,2
seiteta,2
George Hotz,3
Jan Stypka,3
Jason Yosinski,3
Jaye,3
KyotoSunshine,3
Martin Thoma,3
Matt Gardner,3
Mikhail Korobov,3
Nithish deva Divakar,3
Richard Higgins,3
Santiago Castro,3
Stefan Wunsch,3
Stephen Roller,3
chentingpc,3
danstowell,3
jake,3
rushter,3
Chris Caruso,4
Dieuwke Hupkes,4
Matt,4
Philip Bachman,4
Victor Zhong,4
Yu Kobayashi,4
Zhengping Che,4
collion,4
iampat,4
matthewmok,4
ns,4
Dr. Kashif Rasul,5
Kai Li,5
Kheir Eddine FARFAR,5
Laurent Gautier,5
Pasquale Minervini,5
Rui Shu,5
Tennessee Leeuwenburg,5
Tim O'Shea,5
Yad Faeq,5
Bin Wang,6
Jayanth Koushik,6
Jiyuan Qian,6
Katherine Crowson,6
Liang-Chi Hsieh,6
Michael Crawford,6
Rodrigo Benenson,6
lucasmoura,6
Ke Ding,7
Micha Gorelick,7
Ziheng Jiang,7
tpsatish95,7
graham,8
gw0 [http://gw.tnode.com/],9
shmo,9
Dmytro Mishkin,10
Dougal Matthews,10
Igor Macedo Quintanilha,10
Jérémie,10
anayebi,10
jingzhehu,10
Vijay Vasudevan,11
talpay,11
Adam Wentz,12
Andrew Stromnov,12
Rich P. I. Lewis,12
Thomas Unterthiner,12
smauq,12
Amit Beka,13
Pesan Jan,13
Pranav Shyam,13
Ben Cook,14
Tsukasa ŌMOTO,15
ftence,15
githubnemo,16
Aloïs Gruson,17
Pradeep Dasigi,17
Matthew Peters,19
Ken Terao,20
Shaun Harker,20
Colin Rofls,21
Nic Eggert,21
Pedro S,22
Sebastian N. Fernandez,22
Yann Henon,22
happygds,22
Kyle McDonald,23
Yu Yin,23
rpinsler,23
jkleint,25
Sean Löfgren,26
Felix Sonntag,27
Brian McMahan,28
John Wittenauer,28
Philipp,28
berleon,28
Leon Chen,29
jpeg729,32
Moto H,34
Oswaldo Ludwig,34
Mike Kestemont,36
Michael Dietz,37
Daniele Bonadiman,38
Joao Felipe Santos,38
cmyr,38
Reid Sanders,40
Kashif Rasul,41
Kevin Loney,41
ηzw,45
farizrahman4u,46
M Clark,48
Felix Lau,50
Antonie Lin,53
jakeleeme,54
z001qdp,55
Joshua Loyal,57
Emad El-Haraty,65
Ilya Kulikov,66
gw0,66
Junwei Pan,69
Ardalan,74
lukedeo,74
Joel,75
Bar Vinograd,79
Thomas McColgan,79
Xingdi (Eric) Yuan,86
Eder Santana,95
Anish Shah,96
Yarin,96
Dominic Breuker,97
Benjamin Bolte,98
EderSantana,98
Sean,100
Tristan Deleu,100
Thomas Boquet,107
Julien Rebetez,117
Dan Becker,120
Roberto de Moura Estevão Filho,128
stas-sl,133
Mostafa Abdulhamid,135
Taras Boiko,137
Xavier Snelgrove,143
tboquet,144
"Flynn, Michael D",149
Mikael Rousson,164
Ramanan Balakrishnan,164
antonmbk,167
Sasank Chilamkurthy,168
ipod825,201
Arel Cordero,202
Bas Veeling,208
Gijs van Tulder,234
Michael Oliver,238
kuza55,256
Thibault de Boissière,265
Stephen Merity,276
yaringal,283
Dmitry Lukovkin,290
olegsinyavskiy,313
Makoto Matsuyama,360
Fariz Rahman,372
Arbona,375
JM Arbona,388
Carl Thomé,390
joelthchao,476
Keunwoo Choi,490
Max Pumperla,507
Wei OUYANG,568
Francois,610
Mike Henry,645
dolaameng,783
François Chollet,1237
fchollet,3402
Francois Chollet,19293
